{
  "users": [
    {
      "name": "maheshn@cybage.com",
      "pwd": "123",
      "id": 1
    },
    {
      "name": "aj@gmail.com",
      "pwd": "12345",
      "id": 2
    },
    {
      "name": "jayesh@cybage.com",
      "pwd": "jayesh",
      "id": 3
    },
    {
      "name": "rgrg@th",
      "pwd": "523",
      "id": 4
    },
    {
      "name": "",
      "pwd": "",
      "id": 5
    },
    {
      "name": "dgfhgj@gmail.com",
      "pwd": "784526",
      "id": 6
    },
    {
      "name": "dgfhgj@gmail.com",
      "pwd": "",
      "id": 10
    },
    {
      "name": "dyneshwarmi@cybgae.com",
      "pwd": "qwert",
      "id": 11
    },
    {
      "title": "dfghyjk",
      "question": "dfghjk",
      "id": 12
    },
    {
      "title": "123456",
      "question": "23efdc",
      "id": 13
    },
    {
      "title": "234",
      "question": "345",
      "id": 14
    },
    {
      "id": 15
    }
  ],
  "questions": [],
  "finalQuestions": [
    {
      "id": 1,
      "title": "java",
      "questions": "what is lamba expression?"
    },
    {
      "id": 2
    },
    {
      "id": 3
    },
    {
      "title": "",
      "question": "",
      "id": 4
    },
    {
      "title": "",
      "question": "",
      "id": 5
    },
    {
      "id": 6
    },
    {
      "id": 7
    },
    {
      "id": 8
    },
    {
      "title": "title",
      "question": "question",
      "id": 9
    },
    {
      "title": "",
      "id": 10
    },
    {
      "title": "",
      "id": 11
    },
    {
      "title": "",
      "id": 12
    },
    {
      "id": 13
    },
    {
      "id": 14
    },
    {
      "id": 15
    },
    {
      "id": 16
    },
    {
      "id": 17
    },
    {
      "id": 18
    },
    {
      "id": 19
    },
    {
      "id": 20
    },
    {
      "id": 21
    },
    {
      "id": 22
    },
    {
      "id": 23
    },
    {
      "title": "123456",
      "question": "efdc",
      "id": 24
    },
    {
      "title": "234",
      "question": "345",
      "id": 25
    }
  ],
  "profile": {
    "name": "typicode"
  }
}